source,title,abstract,catalysts,yield,cycles,score
arxiv,Enhancing failure prediction in nuclear industry: Hybridization of knowledge- and data-driven techniques,"The convergence of the Internet of Things (IoT) and Industry 4.0 has significantly enhanced data-driven methodologies within the nuclear industry, notably enhancing safety and economic efficiency. This advancement challenges the precise prediction of future maintenance needs for assets, which is crucial for reducing downtime and operational costs. However, the effectiveness of data-driven methodologies in the nuclear sector requires extensive domain knowledge due to the complexity of the systems involved. Thus, this paper proposes a novel predictive maintenance methodology that combines data-driven techniques with domain knowledge from a nuclear equipment. The methodological originality of this paper is located on two levels: highlighting the limitations of purely data-driven approaches and demonstrating the importance of knowledge in enhancing the performance of the predictive models. The applicative novelty of this work lies in its use within a domain such as a nuclear industry, which is highly restricted and ultrasensitive due to security, economic and environmental concerns. A detailed real-world case study which compares the current state of equipment monitoring with two scenarios, demonstrate that the methodology significantly outperforms purely data-driven methods in failure prediction. While purely data-driven methods achieve only a modest performance with a prediction horizon limited to 3 h and a F1 score of 56.36%, the hybrid approach increases the prediction horizon to 24 h and achieves a higher F1 score of 93.12%.","['mo', 'ru', 'co', 'fe', 'cu', 'ni', 'ir']",36.0,,107.0
arxiv,"Methane, ammonia, and their irradiation products at the surface of an intermediate-size KBO? A portrait of Plutino (90482) Orcus","Orcus is an intermediate-size 1000km-scale Kuiper Belt Object in 3:2 mean-motion resonance with Neptune, in an orbit very similar to that of Pluto. We present visible and near-infrared photometry and spectroscopy obtained with the Keck 10m-telescope and the Gemini 8m-telescope . We confirm the unambiguous detection of crystalline water ice as well as absorption in the 2.2μm region. Both in the visible and near-infrared Orcus' spectral properties appear to be homogeneous over time (and probably rotation) at the resolution available. From Hapke radiative transfer models involving intimate mixtures of various ices we find for the first time that ammonium (NH+4) and traces of ethane (C2 H6), which are most probably solar irradiation products of ammonia and methane, and a mixture of methane and ammonia (diluted or not) are the best candidates to improve the description of the data with respect to a simple water ice mixture (Haumea type surface). The possible more subtle structure of the 2.2μm band(s) should be investigated thoroughly in the future for Orcus and other intermediate size Plutinos to better understand the methane and ammonia chemistry at work, if any. We investigated the thermal history of Orcus with a new 3D thermal evolution model. Simulations over 4.5 x109 yrs with an input 10% porosity, bulk composition of 23% amorphous water ice and 77% dust, and cold accretion show that even with the action of long-lived radiogenic elements only, Orcus should have a melted core and most probably suffered a cryovolcanic event in its history which brought large amounts of crystalline ice to the surface. The presence of ammonia in the interior would strengthen the melting process. The crystalline water ice possibly brought to the surface by a past cryovolcanic event sbe detectable after several billion years despite the irradiation eects, as demonstrated by recent laboratory experiments.","['pt', 'mo', 'ru', 'co', 'fe', 'cu', 'ni', 'ir']",10.0,,60.0
arxiv,Synth-by-Reg (SbR): Contrastive learning for synthesis-based registration of paired images,"Nonlinear inter-modality registration is often challenging due to the lack of objective functions that are good proxies for alignment. Here we propose a synthesis-by-registration method to convert this problem into an easier intra-modality task. We introduce a registration loss for weakly supervised image translation between domains that does not require perfectly aligned training data. This loss capitalises on a registration U-Net with frozen weights, to drive a synthesis CNN towards the desired translation. We complement this loss with a structure preserving constraint based on contrastive learning, which prevents blurring and content shifts due to overfitting. We apply this method to the registration of histological sections to MRI slices, a key step in 3D histology reconstruction. Results on two different public datasets show improvements over registration based on mutual information (13% reduction in landmark error) and synthesis-based algorithms such as CycleGAN (11% reduction), and are comparable to a registration CNN with label supervision. Code and data are publicly available at \url{https://github.com/acasamitjana/SynthByReg}","['mo', 'ru', 'co', 'fe', 'ni', 'ir']",13.0,,56.0
arxiv,Atmospheric Pressure Ammonia Synthesis on AuRu Catalysts Enabled by Plasmon-Controlled Hydrogenation and Nitrogen-species Desorption,"Ammonia is a key component of fertilizer and a potential clean fuel and hydrogen carrier. The Haber-Bosch process for ammonia synthesis consumes more than half of industrial hydrogen and contributes up to ~3% of global greenhouse gas emissions. Light-driven reactions via surface plasmon resonances offer a less energy-intensive pathway for ammonia production by altering reaction intermediates. Here, we report gold-ruthenium plasmonic bimetallic alloys for ammonia synthesis at room temperature and pressure, driven by visible light. We use colloidal synthesis to create AuRu$_x$ alloys (x=0.1, 0.2, 0.3) and disperse these nanoparticles on MgO supports for gas-phase ammonia synthesis. We observe a ~60 $μ$mol/g/h reactivity and ~0.12% external quantum efficiency on a AuRu$_0$$_.$$_2$ sample under 100 mW/cm$^2$ visible light. In-situ diffuse reflective infrared Fourier transform spectroscopic measurements show that hydrogenation of nitrogen adsorbates is accelerated under light compared to thermocatalysis. Combining wavelength-dependent reactivity and spectroscopic findings with semi-classical electromagnetic modeling, we show plasmonic bimetallic alloys expedite ammonia synthesis by aiding hydrogenation of adsorbed nitrogen species via plasmon-mediated hot electrons. Quantum mechanical calculations reveal hydrogen-assisted N$_2$ splitting in the excited state is key to activating the reaction under ambient conditions. Therefore, light or H$_2$ alone cannot dissociate N$_2$ -- the key bottleneck to breaking N$_2$'s triple bond. Our findings are consistent with recent hypotheses on how nitrogenase enzymes catalyze ammonia production at mild conditions and provide insights for sustainable photochemical transformations.","['pt', 'mo', 'ru', 'co', 'fe', 'cu', 'ni']",3.0,,41.0
arxiv,An Acetate Bound Cobalt Oxide Catalyst for Water Oxidation: Role of Monovalent Anions and Cations In Lowering Overpotential,"Co(II) dissolved in acetate buffer at pH 7 is found to be a good water oxidation catalyst (WOC) showing electrocatalytic water oxidation current significantly greater than Co(II) in phosphate buffer under the same conditions owing to the higher solubility of the former. When electrodeposited on ITO/FTO electrodes it forms acetate bound cobalt(II)oxide based material (Co-Ac-WOC) showing catalytic water oxidation current density of 0.1 mA/cm$^{2}$ at 830 mV and 1 mA/cm$^{2}$ at 1 V in a pH 7 buffer solution. The morphology of Co-Ac-OEC is investigated with AFM, HR-TEM and SEM (at different times and electrodeposition potentials). The chemical composition of Co-Ac-OEC is investigated using XPS, EDX, combustion analysis and ATR-FTIR which indicates that this material has a CoO core with chloride and acetate anions bound to the Co center. Sodium is found to be integrated in the Co-Ac-WOC. The presence of the sodium ions and the chloride ions lowers the onset potential for oxygen evolution reaction (OER) by 240 mV relative to the classic Co-Pi at pH 7. The lower onset potential and higher OER current lowers the exchange current density to 10$^{-6.7}$ in Co-Ac-WOC relative to 10$^{-8}$-10$^{-10}$ in Co-Pi and its derivatives.","['mo', 'fe', 'cu', 'co', 'ni', 'ir']",,,
arxiv,Time-of-Flight Spectroscopy of Muonic Hydrogen Atoms and Molecules,"Studies of muonic hydrogen atoms and molecules have been performed traditionally in bulk targets of gas, liquid or solid. At TRIUMF, Canada's meson facility, we have developed a new type of target system using multilayer thin films of solid hydrogen, which provides a beam of muonic hydrogen atoms in vacuum. Using the time-of-flight of the muonic atoms, the energy-dependent information of muonic reactions are obtained in direct manner. We discuss some unique measurements enabled by the new technique, with emphasis on processes relevant to muon catalyzed fusion.","['mo', 'co', 'cu', 'ni', 'ir']",,,
arxiv,Transient Surface Oxides Form on Pt(111) - But Vanish During Ammonia Oxidation,"Ammonia oxidation on platinum catalysts is pivotal for industrial nitric acid production and environmental abatement, yet the role of surface oxides in this process remains debated. Using operando surface X-ray diffraction (SXRD), crystal truncation rod (CTR) analysis, and near-ambient pressure X-ray photoelectron spectroscopy (NAP-XPS), we reveal that Pt(111) does not form stable surface oxides under ammonia oxidation conditions. Instead, transient hexagonal monolayers and a Pt(111)-(8x8) superstructure emerge under oxygen-rich atmospheres and above the catalyst light-off temperature, but vanish upon ammonia exposure. Real-time mass spectrometry and NAP-XPS demonstrate that the reaction proceeds via a Langmuir-Hinshelwood mechanism, where adsorbed NHx and O species availability dictate selectivity toward NO or N2. Reducing the oxygen pressure by an order of magnitude slows the kinetics of oxide growth, only detected after 24 hr, and facilitated by transient and precursor structures.","['pt', 'mo', 'ru', 'co', 'cu', 'ni', 'ir']",,,
arxiv,Metal hydride material requirements for automotive hydrogen storage systems,"The United States Department of Energy (DOE) has published a progression of technical targets to be satisfied by on-board rechargeable hydrogen storage systems in light-duty vehicles. By combining simplified storage system and vehicle models with interpolated data from metal hydride databases, we obtain material-level requirements for metal hydrides that can be assembled into systems that satisfy the DOE targets for 2017. We assume minimal balance-of-plant components for systems with and without a hydrogen combustion loop for supplemental heating. Tank weight and volume are driven by the stringent requirements for refueling time. The resulting requirements suggest that, at least for this specific application, no current on-board rechargeable metal hydride satisfies these requirements.","['mo', 'co', 'cu', 'ni', 'ir']",,,
arxiv,Kinetic Expression for Optimal Catalyst Electronic Configuration: The Case of Ammonia Decomposition,"A new steady-state kinetic model of ammonia decomposition is presented and analyzed regarding the electronic properties of metal catalysts. The model is based on the classical Temkin-Ertl mechanism and modified in accordance with Wolkenstein electronic theory by implementing participation of free electrons of the catalyst to change the chemical nature of adsorbed species. Wolkenstein original theory only applied to semiconductors but by including the d-band model, the electronic theory can be extended to metals. For both simplified and full reaction mechanisms, including electronic steps, we present a steady-state rate equation where the dependence on the Fermi level of the metal creates a volcano-shaped dependence. According to the kinetic model, an increasing Fermi level of the catalyst, that approaching the antibonding state with adsorbed nitrogen molecules, will increase the fraction of neutral nitrogen molecules and enhance their the desorption. Concurrently, strong chemisorption of ammonia molecules proceeds easily through participation of additional free catalyst electrons in the adsorbate bond. As a result, the reaction rate is enhanced and reaches its maximum value. A further increasing Fermi level of the catalyst that approaches the antibonding state with ammonia molecules will result in a smaller fraction of negatively charged ammonia molecules and less dehydrogenation. Concurrently, the desorption of neutral nitrogen molecules occurs without impairment. As a result, the reaction rate decreases. The detailed kinetic model is compared to recent experimental measurements of ammonia decomposition on iron, cobalt and CoFe bimetallic catalysts.","['pt', 'mo', 'fe', 'co', 'cu', 'ni', 'ir']",,,
arxiv,Enhanced ammonia electro-oxidation reaction on platinum-iron oxide catalyst assisted by MagnetoElectroCatalysis,"Ammonia poses significant environmental challenges due to its role in water pollution, contributing to eutrophication and several detrimental environmental and ecological issues. Addressing the efficient removal or conversion of ammonia is, therefore, critical. Among various methods, the ammonia electro-oxidation reaction stands out due to its potential for direct energy conversion and environment remediation. Here, we synthesize platinum-iron oxide magnetic nanoparticles (Pt-MNP) as electrocatalysts and apply an alternating magnetic field (AMF) to enhance their activity.. The AMF generates localized heat via Néel relaxation, accelerating ammonia oxidation kinetics at the catalytic surface.. Compared to conventional electro-oxidation methods, this technique demonstrates superior efficiency and stability, offering a promising alternative for ammonia treatment. This work uses the concept of MagnetoElectroCatalysis, showcasing the synergy between magnetic fields and the electrochemical process, leveraging the AMF to induce localized heating within the nanocatalyst, thereby improving its catalytic activity as shown in cyclic voltammetry and chronoamperometry experiments. By combining nanocatalyst design with innovative AMF application, this study provides a new avenue for enhancing electrochemical reactions, with broad implications for environmental remediation and sustainable energy solutions.","['pt', 'mo', 'fe', 'co', 'ni', 'ir']",,,
arxiv,Poisoning mechanism of ammonia on proton transport and ionomer structure in cathode catalyst layer of PEM fuel cells,"Ammonia has strong poisoning effects on cathode catalyst layers of proton exchange membrane (PEM) fuel cells, but the poisoning mechanism is still unclear. In this study, all-atom molecular dynamics simulations are employed to investigate the poisoning mechanisms of ammonia. The results show that ammonium can replace the hydronium ions at the charged sites of sulfonic acid group of the ionomer side chain, and the adsorption of ammonium to sulfonic acid group can be attributed to van der Waals force and electrostatic interaction. Furthermore, other ammonia derivatives, amino and imino ions, can capture hydronium ions to form ion clusters. These ion clusters have strong capability to absorb hydronium ions, and their structures change with ammonia content and temperature. The main mechanism of formation of these clusters is due to the formation of relatively stable hydrogen bonds between ions within the clusters. These mechanisms significantly reduce the efficiency of proton transport, thereby decreasing the catalyst layer's performance in electrochemical reactions. We also discover that the increase in temperature leads to the dissociation of large ion clusters, the blockage in the ionomer layer can be alleviated, and the proton transport efficiency can be restored. The understanding of the poisoning mechanisms obtained in this study is helpful for subsequent research aimed at resolving ammonia poisoning and enhancing the anti-poisoning performance of catalyst layers.","['pt', 'mo', 'ru', 'co', 'fe', 'cu', 'ni', 'ir']",,,
arxiv,Lamb Shift in Light Hydrogen-Like Atoms,Calculation of higher-order two-loop corrections is now a limiting factor in development of the bound state QED theory of the Lamb shift in the hydrogen atom and in precision determination of the Rydberg constant. Progress in the study of light hydrogen-like ions of helium and nitrogen can be helpful to investigate these uncalculated terms experimentally. To do that it is necessary to develop a theory of such ions. We present here a theoretical calculation for low energy levels of helium and nitrogen ions.,"['co', 'cu', 'ni']",,,
arxiv,Shot-Peening of Pre-Oxidized Plates of Zirconium: Influence of Residual Stress on Oxidation,"The present study deals with oxidation behavior under residual stress of shot-peened plates of ""commercially pure"" zirconium exposed for 30 min at 650 C. The influence of the shot-peening on a pre-oxidized material is presented. The results have been used to determine the influences of these chemical (preoxidation) and mechanical (shot-peening) treatments on the high temperature oxidation of zirconium. The oxygen profile was revealed using micro-hardness techniques and confirmed by SEM-EDS techniques. After pre-oxidation the samples were first resurfaced then shot-peened in order to introduce residual stress. A significant increase of the hardness of about 400 HV was observed on pre-oxidized shot-peened samples. Thermogravimetric analysis for 30 min at 650 C under 200 mbar O2 showed a significantly slower oxidation rate for shot-peened samples. A comparison with our computations points out the role of the residual stresses on the diffusion and, consequently, on the oxidation.","['ni', 'co', 'ir', 'mo']",,,
arxiv,2s Hyperfine Structure in Hydrogen Atom and Helium-3 Ion,The usefulness of study of hyperfine splitting in the hydrogen atom is limited on a level of 10 ppm by our knowledge of the proton structure. One way to go beyond 10 ppm is to study a specific difference of the hyperfine structure intervals 8 Delta nu_2 - Delta nu_1. Nuclear effects for are not important this difference and it is of use to study higher-order QED corrections.,"['ru', 'co', 'fe']",,,
arxiv,High-entropy oxide photocatalysts for green ammonia synthesis from nitrogen fixation in water,"Ammonia, a critical chemical fertilizer and a potential hydrogen carrier, can be sustainably synthesized from atmospheric nitrogen and water under ambient conditions through photocatalysis. In this study, high-entropy oxides with d0 and mixed d0+d10 cationic configurations are introduced as a new group of catalysts for nitrogen fixation and photocatalytic ammonia production. The oxides exhibit impressive efficiency in ammonia production compared to binary oxides, while the efficiency is improved by using a mixed cationic configuration. It was shown that the incorporation of d10 elements, such as gallium and zinc, boosts the photocatalytic reactions by improving light absorbance, charge separation and charge lifetime. These findings demonstrate the potential of high-entropy oxides as next-generation photocatalysts for green ammonia synthesis, offering an effective alternative to conventional catalytic systems.","['ni', 'fe', 'co', 'mo']",,,
arxiv,Optimization of High Entropy Alloy Catalyst for Ammonia Decomposition and Ammonia Synthesis,"The successful synthesis of high entropy alloy (HEA) nanoparticles, a long-sought goal in materials science, opens a new frontier in materials science with applications across catalysis, electronics, structural alloys, and energetic materials. Recently, a Co25Mo45Fe10Ni10Cu10 HEA made of earth-abundant elements was shown to have a high catalytic activity for ammonia decomposition, which rivals that of state-of-the-art, but prohibitively expensive, ruthenium catalyst. Using a computational approach based on first-principles calculations in conjunction with data analytics and machine learning, we build a model to rapidly compute the adsorption energy of H, N, and NHx (x=1,3) species on CoMoFeNiCu alloy surfaces with varied alloy compositions and atomic arrangement. We show that the 25/45 Co/Mo ratio identified experimentally as the most active composition for ammonia decomposition increases the likelihood that the surface adsorbs nitrogen equivalently to that of ruthenium while at the same time interacting moderately strongly with intermediates. Our study underscores the importance of computational modeling and machine learning to identify and optimize HEA alloys across their near-infinite materials design space.","['pt', 'mo', 'ru', 'co', 'fe', 'cu', 'ni', 'ir']",,,
arxiv,Ammonia Catalyst Evolution Under Reactor Conditions Revealed by Environmental and Multimodal Electron Microscopy,"Bimetallic catalysts provide new routes toward sustainable ammonia synthesis, but the structural dynamics controlling their performance under real-world conditions remain poorly understood. Here, we combine in situ gas-cell and multimodal electron microscopy to disentangle the temperature-, pressure-, and chemistry-dependent restructuring of AuRu catalysts, revealing pathways accessible only at atmospheric pressure. As synthesized, AuRu nanocatalysts are polycrystalline face-centered-cubic alloys with Au/Ru intermixing that phase-segregate into Au- and Ru-rich domains with elevated temperature (>450 °C). Increased pressure (~1 atm in 3:1, hydrogen:nitrogen) unlocks pronounced faceting and internal nanovoid formation, which systematic gas-chemistry variation identifies as hydrogen-driven. Density functional theory-based interatomic potentials show that hydrogen can amplify Au/Ru diffusion asymmetry, promoting nanovoid formation via a gas-mediated Kirkendall mechanism. Together, these results bridge the pressure gap between traditional in situ electron microscopy and benchtop ammonia reactors, enabling resolution of distinct restructuring stimuli in multicomponent systems.","['mo', 'ru', 'cu', 'co', 'ni', 'ir']",,,
arxiv,"Multi-timescale Trading Strategy for Renewable Power to Ammonia Virtual Power Plant in the Electricity, Hydrogen, and Ammonia Markets","Renewable power to ammonia (RePtA) is a prominent zero-carbon pathway for decarbonization. Due to the imbalance between renewables and production energy demand, the RePtA system relies on the electricity exchange with the power grid. Participating in the electricity market as a virtual power plant (VPP) may help to reduce energy costs. However, the power profile of local photovoltaics and wind turbines is similar to those in the market, resulting in rising energy costs under the conventional strategy. Hence, we develop a multi-timescale trading strategy for the RePtA VPP in the electricity, hydrogen, and ammonia markets. By utilizing the hydrogen and ammonia buffer systems, the RePtA VPP can optimally coordinate production planning. Moreover, we find it possible to describe the trading of electricity, ammonia, and hydrogen in a unified framework. The two-stage robust optimization model of the electricity market is extended to multiple markets and solved by the column and constraint generation (CC\&G) algorithm. The case is derived from an actual project in the Inner Mongolia Autonomous Region. Sensitivity analysis demonstrates the economic advantages of an RePtA VPP joining multiple markets over conventional strategy and reveals the necessity of the hydrogen and ammonia buffer and reactor's flexibility.","['pt', 'mo', 'fe', 'co', 'ni', 'ir']",,,
arxiv,Self-Similar Solutions and Global Existence for Nonlinear Reaction-Diffusion Systems in Industrial Ammonia Synthesis,"This paper investigates a system of nonlinear reaction-diffusion equations modeling the industrial synthesis of ammonia. By applying Lie group analysis, we construct self-similar solutions and derive a reduced system of ordinary differential equations. Using comparison principles and barrier techniques, we establish sufficient conditions for the existence of global-in-time solutions in both slow-diffusion ($γ_i > 0$) and fast-diffusion ($γ_i < 0$) regimes. Detailed asymptotic analysis near the diffusion front reveals power-law behavior of concentration profiles, with explicit expressions for the decay exponents. The theoretical results are illustrated by numerical simulations, demonstrating the spatio-temporal evolution of reactant concentrations under realistic parameter values. The study provides rigorous mathematical foundations for predicting and optimizing ammonia production in catalytic reactors, with potential extensions to other chemically reacting systems.","['pt', 'mo', 'ru', 'co', 'fe', 'ni']",,,
arxiv,Resonant Scattering of Muonic Hydrogen Atoms and Dynamics of Muonic Molecular Complex,"Resonant scattering of muonic hydrogen atoms via back decay of molecular complex, a key process in the understanding of epithermal muonic molecular formation, is analyzed. The limitations of the effective rate approximation are discussed and the importance of the explicit treatment of the back decay is stressed. An expression of the energy distribution for the back-decayed atoms is given.","['mo', 'fe', 'cu', 'co', 'ni']",,,
arxiv,Catalyst GFlowNet for electrocatalyst design: A hydrogen evolution reaction case study,"Efficient and inexpensive energy storage is essential for accelerating the adoption of renewable energy and ensuring a stable supply, despite fluctuations in sources such as wind and solar. Electrocatalysts play a key role in hydrogen energy storage (HES), allowing the energy to be stored as hydrogen. However, the development of affordable and high-performance catalysts for this process remains a significant challenge. We introduce Catalyst GFlowNet, a generative model that leverages machine learning-based predictors of formation and adsorption energy to design crystal surfaces that act as efficient catalysts. We demonstrate the performance of the model through a proof-of-concept application to the hydrogen evolution reaction, a key reaction in HES, for which we successfully identified platinum as the most efficient known catalyst. In future work, we aim to extend this approach to the oxygen evolution reaction, where current optimal catalysts are expensive metal oxides, and open the search space to discover new materials. This generative modeling framework offers a promising pathway for accelerating the search for novel and efficient catalysts.","['pt', 'mo', 'fe', 'co', 'cu', 'ni']",,,
arxiv,ALMA detection of hydrogen cyanide (HCN) in the atmosphere of Saturn,"In the planetary atmosphere, hydrogen cyanide (HCN) is an important nitrogen (N)-bearing molecule that plays a key role in the formation of several biomolecules via chain reactions. The presence of HCN characterizes the stratospheric composition of the solar gas planets and exoplanets. For several years, many observations have failed to identify the rotational and vibrational emission lines of HCN from the atmosphere of Saturn using ground- and space-based radio telescopes. We present the successful detection of the rotational emission line of HCN from the atmosphere of Saturn using the Atacama Large Millimeter/Submillimeter Array (ALMA) band 7. We detected the J = 4$-$3 transition line of the HCN from the eastern and western limbs of Saturn with $\geq5σ$ statistical significance. The derived abundances of HCN in the western and eastern limbs are 6.19 ppb and 2.90 ppb, respectively. We claim that HCN is formed in the atmosphere of Saturn via the photolysis of methane (CH$_{4}$) and ammonia (NH$_{3}$).","['ni', 'co', 'cu', 'mo']",,,
arxiv,A Preliminary Study of Oxidation of Lignin from Rubber Wood to Vanillin in Ionic Liquid Medium,"In this study, lignin was oxidised to vanillin by means of oxygen in ionic liquid (1,3-dimethylimidazolium methylsulphate) medium. The parameters of the oxidation reaction that have been investigated were the following: concentration of oxygen (5, 10, 15 and 20 ft3 h-1), reaction time (2, 4, 6, 8 and 10 h) and reaction temperature (25, 40, 60, 80 and 100°C). The Fourier transform infrared spectroscopy, high performance liquid chromatography and ultraviolet-visible analyses were used to characterise the product. The results revealed vanillin as the product obtained via the oxidation reaction. The optimum parameters of vanillin production were 20 ft3 h-1 of oxygen for 10 h at 100°C. In conclusion, 1,3-dimethylimidazolium methylsulphate could be used as an oxidation reaction medium for the production of vanillin from rubber wood lignin.","['ru', 'co', 'pt', 'ni']",,,
core,Changes in Pt-Rh catalysts in the working environment,,"['ir', 'pt', 'rh']",,,
core,"Best Available Techniques (BAT) Reference Document for the Production of Large Volume Organic Chemicals. 
Industrial Emissions Directive 2010/75/EU (Integrated Pollution Prevention and Control)",,"['fe', 'cu', 'co', 'ni', 'ir']",,,
core,Inherently safer technology gaps analysis study.,,['fe'],,,
core,Catalytic light alkanes selective conversion through ammonia-assisted reforming,,"['ni', 'co', 'mo']",,,
core,Development of Analytical Methods for Toxic Inhaled Hazards (TIH) and Their Metabolites,,['ir'],,,
core,Identification of side reactions and byproducts in process synthesis,,[],,,
core,Process Intensification through Directly Coupled Autothermal Operation of Chemical Reactors,,"['co', 'ir']",,,
core,Elementary reactions in the catalytic reduction of NO on rhodium surfaces,,['rh'],,,
core,HCN reactivity at solid surfaces: possible implications of heterogeneous catalysis in prebiotic chemistry,,[],,,
core,New Methodologies for the Regio- and Stereoselective Electrophilic Cyanation of Alkynes,,[],,,
core,Process Intensification through Microreactor Application,,[],,,
core,"Fundamentals determining activity and product selectivity in the oxidative coupling of methane over MnOx-M2WO4/SiO2 (M=Na, K, Rb, or Cs)",,"['co', 'ni']",,,
core,Technical proposals for by-products and high purity materials as component materials for EU Fertilising Products,,"['fe', 'co', 'ni']",,,
core,An investigation into the fundamental understanding of an activated sludge bioremediation process and optimisation of thiocyanate and cyanide destruction,,"['ru', 'pt', 'ni']",,,
core,Engineering nitrilases for enhanced thermostability,,"['ni', 'mo']",,,
core,Detección de cianuro disociable con ácido débil utilizando quinonas adsorbidas en carbón poroso jerarquizado,,['co'],,,
core,Advanced Analysis of Compounds of Toxicological Importance by Ice Concentration Linked with Extractive Stirrer (Icecles) GC-MS and RP-HPLC-ESI-MS-MS,,"['co', 'ir']",,,
arxiv,RHODIUM: A post-processor for BIGSTICK configuration-interaction wave functions,"RHODIUM is a postprocessing code for nuclear structure physics. It can be used to compute density matrices, spectroscopic amplitudes, and other information, from wave function and basis files created by the configuration-interaction shell-model code BIGSTICK. The source code is available at github.com/cwjsdsu/Rhodium. This manual gives detailed instructions how to use.","['ru', 'co', 'mo', 'rh']",,,
arxiv,"Discovery of Calcium, Indium, Tin, and Platinum Isotopes","Currently, twenty-four calcium, thirty-eight indium, thirty-eight tin and thirty-nine platinum isotopes have been observed and the discovery of these isotopes is discussed here. For each isotope a brief synopsis of the first refereed publication, including the production and identification method, is presented.","['fe', 'cu', 'co', 'ni', 'ir']",,,
arxiv,Synthesis of Mechanism for single- and hybrid-tasks using Differential Evolution,"The optimal dimensional synthesis for planar mechanisms using differential evolution (DE) is demonstrated. Four examples are included: in the first case, the synthesis of a mechanism for hybrid-tasks, considering path generation, function generation, and motion generation, is carried out. The second and third cases pertain to path generation, with and without prescribed timing. Finally, the synthesis of an Ackerman mechanism is reported. Order defect problem is solved by manipulating individuals instead of penalizing or discretizing the search space for the parameters. A technique that consists in applying a transformation in order to satisfy the Grashof and crank conditions to generate an initial elitist population is introduced. As a result, the evolutionary algorithm increases its efficiency.","['pt', 'mo', 'fe', 'co', 'ni', 'ir']",,,
arxiv,Synthesis of Spherical 4R Mechanism for Path Generation using Differential Evolution,"The problem of path generation for the spherical 4R mechanism is solved using the Differential Evolution algorithm (DE). Formulas for the spherical geodesics are employed in order to obtain the parametric equation for the generated trajectory. Direct optimization of the objective function gives the solution to the path generation task without prescribed timing. Therefore, there is no need to separate this task into two stages to make the optimization. Moreover, the order defect problem can be solved without difficulty by means of manipulations of the individuals in the DE algorithm. Two examples of optimum synthesis showing the simplicity and effectiveness of this approach are included.","['pt', 'mo', 'fe', 'cu', 'ni', 'ir']",,,
arxiv,A single layer hydrogen silsesquioxane (HSQ) based lift-off process for germanium and platinum,"Primarily used as etch mask, single layer hydrogen silsesquioxane has never been investigated for lift-off technique. In this article, we propose a new technique where a single layer of hydrogen silsesquioxane, a negative tone electron beam resist, is used to make lift-off of germanium and platinum. Removal of exposed hydrogen silsesquioxane is tested for various concentrations of hydrofluoric acid. Ultrasonic agitation is also used to reduce the formation of flakes due to accumulation of matter (evaporated metal in our case) along the sidewalls of the lift-off narrow slots. Results demonstrate potential in applying the hydrogen silsesquioxane as a negative tone lift-off resist to pattern nanometer scale features into germanium and platinum layers.","['mo', 'fe', 'cu', 'co', 'ni']",,,
arxiv,"Absolute frequencies of H13C14N hydrogen cyanide transitions in 1,5 μm region with saturated spectroscopy and sub-kHz scanning laser","The wide span and high density of lines in its rovibrational spectrum render hydrogen cyanide a useful spectroscopic media for referencing absolute frequencies of lasers in optical communication and dimensional metrology. We determined, for the first time to the best of our knowledge, the molecular transitions' center frequencies of the H13C14N isotope in the range from 1526 nm to 1566 nm with 1,3e-10 fractional uncertainty. We investigated the molecular transitions with a highly coherent and widely tunable scanning laser that was precisely referenced to a Hydrogen maser through an optical frequency comb. We demonstrated an approach to stabilize the operational conditions needed to maintain the constantly low pressure of the hydrogen cyanide to carry out the saturated spectroscopy with the third-harmonic synchronous demodulation. We demonstrated approximately a fourtyfold improvement in the line centers' resolution compared to the previous result.","['pt', 'mo', 'ru', 'co', 'fe', 'cu', 'ni', 'ir']",,,
arxiv,A Density Functional Study of Bare and Hydrogenated Platinum Clusters,"We perform density functional theory calculations using Gaussian atomic-orbital methods within the generalized gradient approximation for the exchange and correlation to study the interactions in the bare and hydrogenated platinum clusters. The minimum-energy structures, binding energies, relative stabilities, vibrational frequencies and the highest occupied and lowest unoccupied molecular-orbital gaps of Pt_nH_m (n=1-5, m=0-2) clusters are calculated and compared with previously studied pure platinum and hydrogenated platinum clusters. We investigate any magic behavior in hydrogenated platinum clusters and find that Pt_4H_2 is more stable than its neighboring sizes. Our results do not agree with a previous conclusion that 3D geometries of Pt tetramer and pentamer are unfavored. On the contrary, the lowest energy structure of Pt_4 is found to be a distorted tetrahedron and that of Pt_5 is found to be a bridge site capped tetrahedron which is a new global minimum for Pt_5 cluster. The successive addition of H atoms to Pt_n clusters leads to an oscillatory change in the magnetic moment of Pt_3 - Pt_5 clusters.","['pt', 'mo', 'ru', 'co', 'cu', 'ni']",,,
arxiv,Platinum-Decorated Graphene: Experimental Insight into Growth Mechanisms and Hydrogen Adsorption Properties,"The potential of graphene for hydrogen storage, coupled with the established role of Platinum as a catalyst for the hydrogen evolution reaction and the spillover effect, makes Pt-functionalized graphene a promising candidate for near-ambient hydrogen storage. This paper focuses on examining the process of Pt cluster formation on epitaxial graphene and assesses the suitability of the system as hydrogen storage material. Scanning tunneling microscopy unveils two primary pathways for Pt cluster growth. In the initial phase, up to ~1 ML of Pt coverage, Pt tends to randomly disperse and cover the graphene surface, while the cluster height remains essentially unchanged. Beyond a coverage of 3 ML, the nucleation of new layers on existing clusters becomes predominant. Then, the clusters mainly grow in height. Thermal desorption spectroscopy on hydrogenated Pt-decorated graphene reveals the presence of multiple hydrogen adsorption mechanisms, manifested as two Gaussian peaks superimposed on a linearly increasing background. We attribute the first peak at 150°C to hydrogen physisorbed on the surface of Pt clusters. The second peak at 430°C is attributed to chemisorption of hydrogen on the surface of the clusters, while the linearly increasing background is assigned to hydrogen bonded in the bulk of the Pt clusters. These measurements demonstrate the ability of Pt-functionalized graphene to store molecular hydrogen at temperatures that are high enough for stable hydrogen binding at room temperature.","['pt', 'mo', 'fe', 'co', 'cu', 'ni', 'ir']",,,
arxiv,"Structure, microstructure and hydrogen storage properties of melt-spun V55Ti21Cr17Fe7 and V55Ti21Mn17Fe7","The hydrogen sorption performance of V55Ti21Cr17Fe7 and V55Ti21Mn17Fe7 alloys and their ribbons were evaluated by pressure composition temperature tests. Their hydrogen absorption kinetic properties were studied through hydrogen absorption curves. The crystallographic structures and microstructure of these alloys and ribbons before hydrogen absorption and after hydrogen desorption PCT tests were identified by Xray diffraction and Scanning electron microscopy analysis, respectively. Hydrogen storage characteristics of such materials were investigated by volumetric method using Sieverts type apparatus and gravimetric method with suspension balance.","['pt', 'ru', 'co', 'fe', 'cu', 'ni', 'ir']",,,
arxiv,Design and Analysis of a Robotic Lizard using Five-Bar Mechanism,"Legged robots are being used to explore rough terrains as they are capable of traversing gaps and obstacles. In this paper, a new mechanism is designed to replicate a robotic lizard using integrated five-bar mechanisms. There are two five bar mechanisms from which two more are formed by connecting the links in a particular order. The legs are attached to the links of the five bar mechanism such that, when the mechanism is actuated, they move the robot forward. Position analysis using vector loop approach has been done for the mechanism. A prototype has been built and controlled using servo motors to verify the robotic lizard mechanism.","['ni', 'co', 'cu', 'mo']",,,
arxiv,Mixed platinum and zirconia powder as electrocatalyst for hydrogen evolution and oxidation reaction,"The development of efficient and cost-effective bifunctional electrocatalysts for hydrogen-related technologies is crucial for the transition to sustainable energy. In this work, we present Pt@ZrO2 as a high-performance ceramic-based electrocatalyst for the hydrogen evolution reaction (HER) and hydrogen oxidation reaction (HOR), demonstrating superior activity and stability in alkaline conditions. Compared to Pd@ZrO2, previously investigated in our earlier work, Pt@ZrO2 exhibits significantly lower charge transfer resistance and enhanced HER/HOR kinetics, as confirmed by electrochemical impedance spectroscopy. The synergistic interaction between platinum and ZrO2 stabilizes Pt in a partially oxidized state, facilitating the Volmer step and improving charge transfer kinetics. Cyclic voltammetry further confirms the remarkable electrochemical stability of Pt@ZrO2 under stress conditions. Importantly, Pt@ZrO2 offers a cost-effective alternative to pure platinum by reducing noble metal loading while maintaining excellent catalytic performance. These findings establish Pt@ZrO2 as a better alternative to Pd@ZrO2 and a promising candidate for next-generation hydrogen energy applications.","['pt', 'mo', 'ru', 'co', 'fe', 'ni', 'pd', 'ir']",,,
arxiv,Sound Absorption in Partially Ionized Hydrogen Plasma and Heating Mechanism of Solar Chromosphere,"The temperature dependence of rates of electron impact ionization and two electrons recombination are calculated using Wannier cross section of electron impact ionization of neutral hydrogen atom. Entropy production and power dissipation are derived for the case when the ionization degree deviates from its equilibrium value. This is the special case of the obtained general formula for entropy production accompanying chemical reactions. Damping rate of the sound waves is calculated and the conditions when ionization processes dominate are considered. A quasi-classical approximation for the heating mechanism of solar chromosphere is proposed. Several analogous phenomena for damping rates in liquids and crystals are shortly discussed, for example, deaf sound of a glass of beer or English salt solution. An explicit expression for the second or bulk (or volume) viscosity of hydrogen plasma is calculated from firsts principles. For the first time some second viscosity is calculated from first principles.","['pt', 'mo', 'co', 'cu', 'ni', 'ir']",,,
arxiv,Smart Operation Theatre: An AI-based System for Surgical Gauze Counting,"During surgeries, there is a risk of medical gauzes being left inside patients' bodies, leading to ""Gossypiboma"" in patients and can cause serious complications in patients and also lead to legal problems for hospitals from malpractice lawsuits and regulatory penalties. Diagnosis depends on imaging methods such as X-rays or CT scans, and the usual treatment involves surgical excision. Prevention methods, such as manual counts and RFID-integrated gauzes, aim to minimize gossypiboma risks. However, manual tallying of 100s of gauzes by nurses is time-consuming and diverts resources from patient care. In partnership with Singapore General Hospital (SGH) we have developed a new prevention method, an AI-based system for gauze counting in surgical settings. Utilizing real-time video surveillance and object recognition technology powered by YOLOv5, a Deep Learning model was designed to monitor gauzes on two designated trays labelled ""In"" and ""Out"". Gauzes are tracked from the ""In"" tray, prior to their use in the patient's body & in the ""Out"" tray post-use, ensuring accurate counting and verifying that no gauze remains inside the patient at the end of the surgery. We have trained it using numerous images from Operation Theatres & augmented it to satisfy all possible scenarios. This study has also addressed the shortcomings of previous project iterations. Previously, the project employed two models: one for human detection and another for gauze detection, trained on a total of 2800 images. Now we have an integrated model capable of identifying both humans and gauzes, using a training set of 11,000 images. This has led to improvements in accuracy and increased the frame rate from 8 FPS to 15 FPS now. Incorporating doctor's feedback, the system now also supports manual count adjustments, enhancing its reliability in actual surgeries.","['mo', 'fe', 'cu', 'co', 'ni', 'ir']",,,
arxiv,Design of Phosphorene for Hydrogen Evolution Performance Comparable to Platinum,"Phosphorene, a monolayer of bulk black phosphorus, is promising for light harvest owing to its high charge mobility and tunable direct band gap covering a broad spectral range of light. Here, via atomic-scale first-principles simulations, we report a ultrahigh activity of hydrogen evolution reaction (HER) of phosphorene originated from defective activation. Quantitative evaluation of the Gibbs free energy of the ad desorption of hydrogen (H) to from phosphorene (delta_GH) reveals that atomic vacancies and edges play a dominant role in activating the reaction. We find that the defective states, empty and well-localized around the defect core, are compensated by H species. This induces a proper hydrogen interaction complying with the thermoneutral condition of the free energy (delta_GH=0) comparable to platinum. Our findings of the highly activating defective states suggest the design of non-metal HER catalysts with structural engineering of earth-abundant phosphorus structures.","['pt', 'mo', 'ru', 'co', 'fe', 'ir']",,,
arxiv,On the role of the nonlocal Hartree-Fock exchange in ab initio quantum transport: Hydrogen in Platinum nanocontacts revisited,"We propose a practical way to overcome the ubiquitous problem of the overestimation of the zero-bias and zero-temperature conductance, which is associated to the use of local approximations to the exchange-correlation functional in Density-Functional Theory when applied to quantum transport. This is done through partial substitution of the local exchange term in the functional by the nonlocal Hartree-Fock exchange. As a non-trivial example of this effect we revisit the smallest molecular bridge studied so far: a Hydrogen molecule placed in between Platinum nanocontacts. When applied to this system the value of the conductance diminishes as compared to the local-exchange-only value, which is in close agreement with results predicted from Time-Dependent Current-Density-Functional Theory. Our results issue a warning message on recent claims of perfect transparency of a Hydrogen molecule in Platinum nanocontacts.","['mo', 'fe', 'cu', 'co', 'ni']",,,
core,The activation and deactivation of platinum/rhodium catalysts for ammonia oxidation,,"['ni', 'mo', 'rh']",,,
core,Leaching of selected PGMs : a thermodynamic and electrochemical study employing less aggressive lixiviants,,['mo'],,,
core,Sodium and Specialty Cyanides Production Facility,,['ni'],,,
core,Англо-русский словарь химико-технологических терминов : учебно-методическое пособие,,[],,,
core,Energy efficiency and GHG emissions: Prospective scenarios for the Chemical and Petrochemical Industry,,[],,,
core,Palladium-Catalyzed Vinylic Substitution of Aryl Halides on Polymeric Nitrogen Supports.,,['ni'],,,
core,Studies on transition metal tetraaza macrocyclic complexes,,['co'],,,
core,The selective hydrogenation of crotonaldehyde over bimetallic catalysts,,[],,,
core,Spectroscopic detection of volatile fluorides following gas chromatographic separation,,['co'],,,
core,Structural studies of ionic liquids and their use in synthesis,,"['ru', 'ir', 'ni']",,,
core,抽出剤含浸樹脂によるレアメタルの分離回収,,[],,,
core,The oxidative reforming of methane to synthesis gas on a commercial steam reforming catalyst,,['co'],,,
core,Electrochemistry of Some Rhodium(I) Complexes,,"['co', 'rh']",,,
core,Trace analysis of noble metals by use of catalytic chemical reactions,,[],,,
core,Advances in electrochromic materials,,[],,,
core,Applications of Polyoxometalates as Electron  Mediators,,[],,,
core,Electrochemical and spectroelectrochemical investigation of binuclear transition metal complexes,,['co'],,,
arxiv,Challenges and Opportunities in Securing the Industrial Internet of Things,"Given the tremendous success of the Internet of Things in interconnecting consumer devices, we observe a natural trend to likewise interconnect devices in industrial settings, referred to as Industrial Internet of Things or Industry 4.0. While this coupling of industrial components provides many benefits, it also introduces serious security challenges. Although sharing many similarities with the consumer Internet of Things, securing the Industrial Internet of Things introduces its own challenges but also opportunities, mainly resulting from a longer lifetime of components and a larger scale of networks. In this paper, we identify the unique security goals and challenges of the Industrial Internet of Things, which, unlike consumer deployments, mainly follow from safety and productivity requirements. To address these security goals and challenges, we provide a comprehensive survey of research efforts to secure the Industrial Internet of Things, discuss their applicability, and analyze their security benefits.","['fe', 'cu', 'co', 'ni', 'ir']",,,
arxiv,Synthesis of Reversible Functions Beyond Gate Count and Quantum Cost,"Many synthesis approaches for reversible and quantum logic have been proposed so far. However, most of them generate circuits with respect to simple metrics, i.e. gate count or quantum cost. On the other hand, to physically realize reversible and quantum hardware, additional constraints exist. In this paper, we describe cost metrics beyond gate count and quantum cost that should be considered while synthesizing reversible and quantum logic for the respective target technologies. We show that the evaluation of a synthesis approach may differ if additional costs are applied. In addition, a new cost metric, namely Nearest Neighbor Cost (NNC) which is imposed by realistic physical quantum architectures, is considered in detail. We discuss how existing synthesis flows can be extended to generate optimal circuits with respect to NNC while still keeping the quantum cost small.","['pt', 'mo', 'fe', 'cu', 'co', 'ir']",,,
arxiv,"Metarobotics for Industry and Society: Vision, Technologies, and Opportunities","Metarobotics aims to combine next generation wireless communication, multi-sense immersion, and collective intelligence to provide a pervasive, itinerant, and non-invasive access and interaction with distant robotized applications. Industry and society are expected to benefit from these functionalities. For instance, robot programmers will no longer travel worldwide to plan and test robot motions, even collaboratively. Instead, they will have a personalized access to robots and their environments from anywhere, thus spending more time with family and friends. Students enrolled in robotics courses will be taught under authentic industrial conditions in real-time. This paper describes objectives of Metarobotics in society, industry, and in-between. It identifies and surveys technologies likely to enable their completion and provides an architecture to put forward the interplay of key components of Metarobotics. Potentials for self-determination, self-efficacy, and work-life-flexibility in robotics-related applications in Society 5.0, Industry 4.0, and Industry 5.0 are outlined.","['mo', 'fe', 'co', 'ni', 'ir']",,,
arxiv,SRE: Semantic Rules Engine For the Industrial Internet-Of-Things Gateways,"The Advent of the Internet-of-Things (IoT) paradigm has brought opportunities to solve many real-world problems. Energy management, for example, has attracted huge interest from academia, industries, governments and regulatory bodies. It involves collecting energy usage data, analyzing it, and optimizing the energy consumption by applying control strategies. However, in industrial environments, performing such optimization is not trivial. The changes in business rules, process control, and customer requirements make it much more challenging. In this paper, a Semantic Rules Engine (SRE) for industrial gateways is presented that allows implementing dynamic and flexible rule-based control strategies. It is simple, expressive, and allows managing rules on-the-fly without causing any service interruption. Additionally, it can handle semantic queries and provide results by inferring additional knowledge from previously defined concepts in ontologies. SRE has been validated and tested on different hardware platforms and in commercial products. Performance evaluations are also presented to validate its conformance to the customer requirements.","['pt', 'mo', 'ru', 'co', 'fe', 'cu', 'ni', 'ir']",,,
arxiv,Methane and Ammonia in the near-infrared spectra of late T dwarfs,"Analysis of T dwarfs using model atmospheres has been hampered by the absence of reliable line lists for methane and ammonia. Newly computed high temperature line lists for both of these important molecules are now available, so it is timely to investigate the appearance of the various absorption features in T dwarfs in order to better understand their atmospheres and validate the new line lists. We present high quality R~5000 Gemini/NIFS 1.0-2.4 microns spectra of the T8 standard 2MASS 0415-0935 and the T9 standard UGPS 0722-0540. We use these spectra to identify numerous methane and ammonia features not previously seen and we discuss the implications for our understanding of T dwarf atmospheres. Among our results, we find that ammonia is the dominant opacity source between ~1.233-1.266 microns in UGPS 0722-0540, and we tentatively identify several absorption features in this wavelength range in the T9's spectrum which may be due entirely to ammonia opacity. Our results also suggest that water rather than methane is the dominant opacity source in the red half of the J-band of the T8 dwarf. Water appears to be the main absorber in this wavelength region in the T9 dwarf until ~1.31 microns, when methane starts to dominate.","['pt', 'mo', 'ru', 'co', 'fe', 'cu', 'ni', 'ir']",,,
arxiv,Ammonia-methane ratios from H-band near-infrared spectra of late-T and Y dwarfs,"Gas cells containing ammonia and methane at atmospheric pressure were custom-made in our chemical laboratory. Low-resolution near-infrared spectroscopy of these gas cells were collected in our optical laboratory. They are compared with simulated spectra using the high-resolution transmission molecular absorption database (HITRAN) for temperatures of 300 K and 500 K, and with near-infrared spectra of late-T and Y dwarfs, Jupiter and Saturn. We selected for this investigation the spectral region between 1.5 and 1.7 microns (H-band) because it is covered by the Euclid red grism, it is particularly sensitive to the relative proportions of ammonia and methane opacity, and it is free from strong contributions of other abundant molecules such as water vapour. The laboratory spectra showed that the ammonia and methane features that are present in the simulations using the HITRAN database are incomplete. Using our laboratory spectra, we propose a modified version of the NH3-H spectral ratio with expanded integration limits that increases the amplitude of variation of the index with respect to spectral type. Combinations of our laboratory spectra were used to find the best fits to the observed spectra with the relative absorption ratio of ammonia to methane as a free parameter. A relationship was found between the T$\rm_{eff}$ and the ratio of ammonia to methane from spectral classes T5 to Y2 (1100 K -- 350 K), in qualitative fairly good agreement with theoretical predictions for high gravity objects and temperatures from 1100 K to 500 K. The ammonia to methane ratios in late-T and Y dwarfs are similar to that of Jupiter, suggesting a similar chemical composition. Simulations of the spectroscopic performance of Euclid suggest that it will yield T$\rm_{eff}$ values and ratios of ammonia to methane for over 10$^3$ late T dwarfs in the whole wide survey.","['pt', 'mo', 'fe', 'co', 'cu', 'ni', 'ir']",,,
arxiv,AnomalyPainter: Vision-Language-Diffusion Synergy for Zero-Shot Realistic and Diverse Industrial Anomaly Synthesis,"While existing anomaly synthesis methods have made remarkable progress, achieving both realism and diversity in synthesis remains a major obstacle. To address this, we propose AnomalyPainter, a zero-shot framework that breaks the diversity-realism trade-off dilemma through synergizing Vision Language Large Model (VLLM), Latent Diffusion Model (LDM), and our newly introduced texture library Tex-9K. Tex-9K is a professional texture library containing 75 categories and 8,792 texture assets crafted for diverse anomaly synthesis. Leveraging VLLM's general knowledge, reasonable anomaly text descriptions are generated for each industrial object and matched with relevant diverse textures from Tex-9K. These textures then guide the LDM via ControlNet to paint on normal images. Furthermore, we introduce Texture-Aware Latent Init to stabilize the natural-image-trained ControlNet for industrial images. Extensive experiments show that AnomalyPainter outperforms existing methods in realism, diversity, and generalization, achieving superior downstream performance.","['pt', 'mo', 'fe', 'co', 'ni']",,,
arxiv,Center-aware Residual Anomaly Synthesis for Multi-class Industrial Anomaly Detection,"Anomaly detection plays a vital role in the inspection of industrial images. Most existing methods require separate models for each category, resulting in multiplied deployment costs. This highlights the challenge of developing a unified model for multi-class anomaly detection. However, the significant increase in inter-class interference leads to severe missed detections. Furthermore, the intra-class overlap between normal and abnormal samples, particularly in synthesis-based methods, cannot be ignored and may lead to over-detection. To tackle these issues, we propose a novel Center-aware Residual Anomaly Synthesis (CRAS) method for multi-class anomaly detection. CRAS leverages center-aware residual learning to couple samples from different categories into a unified center, mitigating the effects of inter-class interference. To further reduce intra-class overlap, CRAS introduces distance-guided anomaly synthesis that adaptively adjusts noise variance based on normal data distribution. Experimental results on diverse datasets and real-world industrial applications demonstrate the superior detection accuracy and competitive inference speed of CRAS. The source code and the newly constructed dataset are publicly available at https://github.com/cqylunlun/CRAS.","['pt', 'mo', 'ru', 'co', 'fe', 'cu', 'ni', 'ir']",,,
arxiv,Catalyst preparation for CMOS-compatible silicon nanowire synthesis,"Metallic contamination was key to the discovery of semiconductor nanowires, but today it stands in the way of their adoption by the semiconductor industry. This is because many of the metallic catalysts required for nanowire growth are not compatible with standard CMOS (complementary metal oxide semiconductor) fabrication processes. Nanowire synthesis with those metals which are CMOS compatible, such as aluminium and copper, necessitate temperatures higher than 450 C, which is the maximum temperature allowed in CMOS processing. Here, we demonstrate that the synthesis temperature of silicon nanowires using copper based catalysts is limited by catalyst preparation. We show that the appropriate catalyst can be produced by chemical means at temperatures as low as 400 C. This is achieved by oxidizing the catalyst precursor, contradicting the accepted wisdom that oxygen prevents metal-catalyzed nanowire growth. By simultaneously solving material compatibility and temperature issues, this catalyst synthesis could represent an important step towards real-world applications of semiconductor nanowires.","['pt', 'mo', 'co', 'cu', 'ni', 'ir']",,,
arxiv,"HCN Survey of Normal Spiral, IR-luminous and Ultraluminous Galaxies","We report systematic HCN J=1-0 (and CO) observations of a sample of 53 infrared (IR) and/or CO-bright and/or luminous galaxies, including seven ultraluminous infrared galaxies, nearly 20 luminous infrared galaxies, and more than a dozen of the nearest normal spiral galaxies. This is the largest and most sensitive HCN survey of galaxies to date. All galaxies observed so far follow the tight correlation between the IR luminosity $L_{\rm IR}$ and the HCN luminosity $L_{\rm HCN}$ initially proposed by Solomon, Downes, & Radford, which is detailed in a companion paper. We also address here the issue of HCN excitation. There is no particularly strong correlation between $L_{\rm HCN}$ and the 12$μ$m luminosity; in fact, of all the four \IRAS bands, the 12$μ$m luminosity has the weakest correlation with the HCN luminosity. There is also no evidence of stronger HCN emission or a higher ratio of HCN and CO luminosities $L_{\rm HCN}/L_{\rm CO}$ for galaxies with excess 12$μ$m emission. This result implies that mid-IR radiative pumping, or populating, of the J=1 level of HCN by a mid-IR vibrational transition is not important compared with the collisional excitation by dense molecular hydrogen. Furthermore, large velocity gradient calculations justify the use of HCN J=1-0 emission as a tracer of high-density molecular gas ($\approxgt 3\times 10^4/τ$ cm$^{-3}$) and give an estimate of the mass of dense molecular gas from HCN observations. Therefore, $L_{\rm HCN}$ may be used as a measure of the total mass of dense molecular gas, and the luminosity ratio $L_{\rm HCN}/L_{\rm CO}$ may indicate the fraction of molecular gas that is dense.","['mo', 'co', 'cu', 'ni', 'ir']",,,
arxiv,Prediction of optimal catalysts for a given chemical reaction,"We reveal a correlation between the M-X bond energy descriptor EMX for the optimal catalyst in a family of stoichiometry MiXj, and an intensive quantity defined as the standard enthalpy of the catalyzed reaction normalized to one mole of element X transferred by this reaction from reactants to products. M is a transition element, and the stoichiometry MiXj is fixed at the solid/fluid interface by the reaction conditions. We illustrate this for a relevant set of reactions involved in solar energy and industrial applications such as oxygen evolution, oxygen reduction and hydrogen evolution in electrolysis, hydrodesulfurization of thiophene, methanation of CO, hydrogenations of aromatics and alkenes, selective oxidation of methane, and ammonia synthesis and decomposition. We propose a quantitative model to explain this unexpected connection: this key finding and its interpretation should accelerate in silico discovery of catalysts.","['pt', 'mo', 'fe', 'co', 'ni']",,,
arxiv,Molecular dynamics simulations of ice and methane hydrate by means of the rotation coordinate TIP5P-Ewald model,"Molecular dynamics simulations are utilized to study the microwave heating of methane hydrate by the five-body rotation coordinate system with the TIP5P-Ewald model. The structure I of methane hydrate is constructed, and the ice and free methane or methane hydrate are exposed to microwave electric fields of 10 GHz. Provisional methane hydrate of the normal density and a temperature of 273 K is dynamically unstable and collapses after some periods of irradiation. The period of a collapse time is $1.7 \times 10^{6} τ$ and the temperature increase is $ΔT \cong 61$ deg, with the external electric field $3 \times 10^{7} \rm{V/cm}$ (i.e. 0.3 V/Å) and $τ= 1 \times 10^{-14}$ s. For the ice and free methane of the temperature 193 K and the pressure 1 atm, the system is stable while it is heated under microwave irradiation. About the temperature of 273 K, high density methane hydrate becomes stable, whereas the density of 0.93 g/cm$^{3}$ is marginally stable but is heated when microwaves are present. In the microwave device of 1,000 V/cm and the pressure 1 atm, the simulation of the ice and methane points to 1 s in the 100\% microwave efficiency.","['mo', 'ru', 'cu', 'co', 'ir']",,,
core,On the abundance of non-cometary HCN on Jupiter,,['co'],,,
core,Study of the influence of technological parameters on the output of hydrogen cyanide,,['ni'],,,
core,Determination of the disposition and distribution of losses of platinum group metals on the technological line of production of nitric and hydrocyanic acids,,['ni'],,,
core,Research of the influence of the composition of the initial gas mixture on the formation of hydrogen cyanide,,"['co', 'ni']",,,
core,Technologies for Coal based Hydrogen and Electricity Co-production Power Plants with CO2 Capture,,"['co', 'pt']",,,
core,In-Space Production of Storable Propellants,,[],,,
core,Effects of Feed Composition and Feed Impurities in the Catalytic Conversion of Syngas to Higher Alcohols over Alkali-Promoted Cobalt–Molybdenum Sulfide,,"['fe', 'co', 'mo']",,,
core,Coal fuel gas cleaning by non-thermal pulsed corona discharge plasma and “reach” regulation compatibility assessemnt for trace elements extraction from gasification ash,,"['co', 'ni']",,,
core,Pollutant emissions from the pyrolysis and combustion of viscoelastic memory foam,,"['co', 'mo']",,,
core,In silico search for novel methane steam reforming catalysts,,['co'],,,
core,Bases of inorganic and organic chemistry,,['ni'],,,
core,Scientific Assessment  in Support of the Materials Roadmap Enabling Low Carbon Energy Technologies: Bioenergy,,[],,,
core,Catalytic synthesis of long-chained alcohols from syngas,,['co'],,,
core,Isolation of Cyanide Hydratase Mutants from Gloeocerospora Sorghi at alkaline pH,,['ni'],,,
core,バイオマスガス化におけるタールの触媒的除去及び水素の生産,,[],,,
core,Measurement of OF Volatile Small-Molecule Biomarkers with Cavity Ring-Down Spectroscopy,,"['co', 'cu', 'mo']",,,
core,"Industrial Metabolism, the Environment, and Application of Materials-Balance. Principles for Selected Chemicals",,['ir'],,,
core,"Materials Balance for Bromine, Chlorine, Sulfur, and Nitrogen in Europe",,['ni'],,,
core,NO<sub>x</sub> Removal and Effect of Adsorbate-Adsorbate Interactions,,"['fe', 'mo']",,,
